transcript_id,month,conversion_likelihood,reasoning,key_phases,prospect_keywords,emotions_detected,location,education,organization,date
100_20250213,Feb,0.5,"Prospect showed positive emotions (more than 2) during wrap-up/Q&A,Agent maintained high confidence or relief near end","Q&A,Wrap","Electronics and Communication, engineering in Electronics, completed my B.Tech, B.Tech engineering, joined PwC India, sabbatical leave, year July, Electronics, language, quant, buy, strengths, planner, questions, mock, verbal, called number properties, number properties, questions, verbal, time, master comprehension, percentile, stage, medium cementing, cementing quizzes, hard cementing, quizzes are divided, cementing, quant, cementing and hard, categories, remain retain, months, Round, give, discount, remain, retain, open for application, college profiles, profiles, India, resources, Europe, research, share, college, yeah, mock test tomorrow, scholarship, colleges, test tomorrow, attend the mock, mock test, tomorrow","approval,gratitude,optimism,admiration,optimism,admiration,optimism",India,"engineering, b.tech","PwC India, UPSC, Electronics and Communication, GMAT, B.Tech, CAT","7 to 8 months, 2021, 11 months"
101_20250212,Feb,0.62,"Prospect showed positive emotion (hope or confidence or etc.) during wrap-up/Q&A,Low stress or confusion during price discussion,Agent maintained high confidence or relief near end","Q&A,Wrap,Price discussion","engineer by profession, basically an engineer, Equity Research Associate, BITS Pilari, Yeah, finance, engineering from BITS, Research Associate, IAM Kohli Code, Kohli Code finance, Code finance program, Yeah, IAM Kohli, Kohli Code, Indian programs, Indian, Yeah, pretty, felt, difficulty, clear, feel, questions, wordy, Yeah, thinking, fine, start, learn my process, force correction, yeah, happen, process, force, correction, focus, , Yeah","gratitude,optimism,optimism",No Info,"masters, engineering","GMAT, CFA L1, GMAC, PMS",No Info
102_20250212,Feb,0.5,"Prospect showed positive emotions (more than 2) during wrap-up/Q&A,Agent maintained high confidence or relief near end","Q&A,Wrap","quant, quant part, Yeah, quant session, part, preparation, quant section, felt, Yeah, ISB Indian School, prime management, School of Business, ISB Indian, Indian School, guess, understand, Btech exams, yeah, exams, Btech, January, data insight questions, Data Insights, wrong, bit busy, busy with weekends, internship and certifications, yeah, bit, busy, weekends, internship, , Yeah, data, data insights, CSE student, insights, easy, CSE, felt data insights, Yeah, college, tomorrow, free, patient, felt very enthused, felt, enthused","approval,gratitude,admiration,optimism",No Info,No Info,GMAT,No Info
103_20250212,Feb,0.0,No Info,No Info,"corporate finance, teaching corporate finance, work in Rome, work, GMAT, good, university teaching corporate, apply, score, reading comprehension, app, good score, lot, reading, comprehension, Sentence, months, study, lot, person, study plan, beginners, GMAT, super intelligent questions, questions, files, Inference, quiz, Evaluate, types, quiz files, answer, ample practice, practice, ample, verbal, Monday through Saturday, 8:00 PM IST, IST, mentors, 8:00, Saturday, Monday, hours, ",No Info,"Rome, Milan",No Info,"IELTS, Business School, GMAT",No Info
104_20250212,Feb,0.62,"Prospect showed positive emotions (more than 2) during wrap-up/Q&A,Low stress or confusion during price discussion,Agent maintained confidence or relief near end","Q&A,Wrap,Price discussion","Yeah, business laptop, laptop, business, Amruth, Yeah, yeah, Yeah, month, plan, month plan, bought, travel, work, start, Round, Yeah, weekly basis, weekly, basis, 11:50, hours, study weekly, Yeah, problem, ","approval,gratitude,optimism",No Info,No Info,No Info,No Info
105_20250215,Feb,0.5,"Prospect showed positive emotions (more than 2) during wrap-up/Q&A,Agent maintained high confidence or relief near end","Q&A,Wrap","Yeah, years, working, experience, India, Yeah, videos, Amrit, test, Marks, gave cat, college like back, , Yeah, phase would work, Yeah, hours, phase, work, study, months, time, Yeah, start, good, plan to start, planning to start, occupied this weekend, week onwards, bit occupied, doubt solving, drop like kind, solving, email, drop, kind, doubts, doubt","approval,optimism,gratitude,optimism,optimism",No Info,No Info,No Info,around 6 years
106_20250215,Feb,0.62,"Prospect showed positive emotions (more than 2) during wrap-up/Q&A,Low stress or confusion during price discussion,Agent maintained confidence or relief near end","Q&A,Wrap,Price discussion","Yeah, Yeah yeah, audible, fine, questions, eligible, graduation, time, pursue investment bank, pursue investment, yeah, nationalised bank, investment bank, India, bank, bank in India, Yeah, started preparing, Yeah easily, started, preparing, year, easily, giving, Yeah, videos, weeks, starting score, studied, month, improving, starting, yeah, current profile, nationalised bank, cleared, current, profile, working, nationalised, yeah, planning, start, tomorrow, planning to start, start from tomorrow, Amrut","approval,gratitude,gratitude,optimism",No Info,No Info,No Info,No Info
107_20250215,Feb,0.62,"Prospect showed positive emotions (more than 2) during wrap-up/Q&A,Low stress or confusion during price discussion,Agent maintained confidence or relief near end","Q&A,Wrap,Price discussion","chance Mana, Mana to watch, time Yeah yeah, Yeah, addressing the time, Mana, time Yeah, shared Yeah, Yeah, Amruth, months, years, July, June, Saturday, Sunday, Yeah, percentile, support, works, mental support, basic, understanding, mental, Yeah, years, queries, work, call, call yeah, Yeah, fine Yeah, correct, fine, planning to start, start, Yeah, planning, plan, day, fine, Amrit Lal, Yeah","approval,approval,gratitude,optimism",No Info,No Info,No Info,No Info
108_20250216,Feb,0.38,"Prospect showed positive emotions (more than 2) during wrap-up/Q&A,Agent maintained confidence or relief near end","Q&A,Wrap","completed my degree, financial department, library, completed, degree, working, financial, department, making a note, planner, verbal, MAT mock test, percentile, points, mock test, GMAT, pretty pretty jittery, pretty pretty, pretty jittery, pretty, MSR, jittery, questions, part, stage, quant, test readiness, test, quant test readiness, Yeah, readiness, quant test, stage, TPA stage, Multi source reasoning, important, Multi source, data sufficiency stage, source reasoning stage, Gmap, Yeah, achieve, ","approval,optimism,optimism",No Info,No Info,No Info,No Info
109_20250216,Feb,0.5,"Prospect showed positive emotions (more than 2) during wrap-up/Q&A,Agent maintained high confidence or relief near end","Q&A,Wrap","highest educational qualification, Institute of Management, MBA, highest educational, educational qualification, Institute, Management, role specifically, GMAT official guide, official guide till, GMAT official, official guide, guide till, Yeah, GMAT, questions, Yeah, proper mock, minutes left, giving, mock, questions, giving this mock, sections, Yeah, fully familiar, concepts, fully, familiar, diagnostic, SEC, achieving, Yeah, Yeah, pretty, learning, adapts, level, good, run, pretty good, Yeah, start today, today, start, great, pretty, clarified","approval,approval,gratitude,optimism,optimism",Europe,No Info,Co Institute of Management,No Info
10_20250107,Jan,0.12,Prospect showed positive emotion (hope or confidence or etc.) during wrap-up/Q&A,"Q&A,Wrap","background of Quons, major in mathematics, Quons, mathematics, background, major, reading, assume, ready to move, verbal to quant, ready, move, verbal, quant, minute read, minute video, noticed your goal, structure was broken, minute, read, query, noticed, Yeah, lecture, verbal SME, SME, MAT, years, primarily a verbal, primarily, , understand the costing, understand, costing, duration, access, reverse, extend, months, Yeah",approval,No Info,No Info,No Info,No Info
110_20250216,Feb,0.5,"Prospect showed positive emotions (more than 2) during wrap-up/Q&A,Agent maintained high confidence or relief near end","Q&A,Wrap","full time, time to recover, yeah, time, time to full, full, weekends, recover, logged, time, time in weeks, time on weekends, maximum benefit, weeks, weekdays, weekends, Yeah, Amrit, Awesome, videos, give, Amrit after completing, Amrit, completing the exam, Yeah, told, results, program, completing, , Yeah","approval,approval,admiration,optimism,optimism",No Info,No Info,No Info,No Info
111_20250216,Feb,0.0,No Info,No Info,"Amrit, Yeah, cat, verbal, session, quant, regions, good, Yeah, solve all questions, solve, questions, percentile, time, hit, capability, median score, NCRHC Paris, person, yeah, revised every quarter, quarter, feedback, median, derived completely, doubt, model, stop, derived, completely, sufficient, paced, tend, students, tend to give, promote students, tend to motivate, motivate students, time, test, problem, wanted, Yeah, start the search, live link, today, purchase, active, ",No Info,No Info,No Info,No Info,No Info
112_20250213,Feb,0.5,"Prospect showed positive emotions (more than 2) during wrap-up/Q&A,Agent maintained high confidence or relief near end","Q&A,Wrap","work at Mercy, Bangalore, Mercy, good, year, work, graduated, fresh graduate, college, GMAT, top, yeah, apply, technical skills, technical, Yeah, GMAT, resources, Ranjali, Maharashtrians, speaking, Mumbai, venture in Mumbai, Yeah, 7:15, rushed, warmed, Yeah, Perfect package, yeah, Perfect, package, months, time","gratitude,gratitude,admiration,optimism,optimism",No Info,No Info,Mercy R&D,2024
113_20250217,Feb,0.38,"Prospect showed positive emotions (more than 2) during wrap-up/Q&A,Agent maintained confidence or relief near end","Q&A,Wrap","Yeah, Lucknow recently, great, nice, Lucknow, PSU, recently, friend, classic edition anymore, classic edition, Zimmet Focus Edition, edition anymore, classic, edition, Focus Edition, Zimmet Focus, medium and hard, difficulty levels, Yeah, easy, levels, medium, hard, difficulty, Yeah, ","approval,gratitude,optimism",No Info,No Info,No Info,2014
114_20250214,Feb,0.75,"Prospect showed positive emotions (more than 2) during wrap-up/Q&A,Low stress or confusion during price discussion,Agent maintained high confidence or relief near end","Q&A,Wrap,Price discussion","give, working, Yeah, Wi-Fi, thinking, planning, move, bet, Yeah, Great Lakes, Great Lakes Chennai, score, Dell Technologies, Great, Lakes, Lakes Chennai, prepared, official GMAT, correct, verbal, score, bad, responding properly, GMAT, Yeah, books, nice, told, physical, ISB, apply for ISB, offline, yeah, free or multiply, month, free, multiply, Yeah, separately, mocks, covered, buy, Yeah, bye","approval,gratitude,admiration,optimism",No Info,No Info,No Info,No Info
115_20250214,Feb,0.25,Prospect showed positive emotions (more than 2) during wrap-up/Q&A,"Q&A,Wrap","terms of questions, store in terms, MBA, year MBA, year, questions, time, clue, impacted by layoffs, unemployed, thing, impacted, layoffs, year, Nice, initial score, Yeah, give, finding the e-mail, arithmetic maths, school days, finding, e-mail, completely forgot, Yeah, remember, calculate median, math, scratch, thing, told, calculate, , Yeah, doubt, interaction, sessions, doubt sessions, interaction like doubt","approval,approval,gratitude",UK,No Info,No Info,No Info
116_20250217,Feb,0.0,No Info,No Info,"qualified chartered accountant, chartered accountant, years, pursuing CIA, working, accountant, qualified chartered, chartered, GMAT, Fine, sounds great, time, April, percentile, working, days, strengths in order, target score, percentile, hey, telling, told, leverage, strengths, solving RC questions, application file, process of solving, medium passages, passages, starting, questions, application, finished your stage, finish your stage, stage, Verbal, looked at Sandeepan, Sandeepan interview, target spot, finished, generated enough revenue, months, generated, revenue, college, competing, compete, good",No Info,No Info,diploma,"CIA, INR, GMAT",2.5 years
117_20250217,Feb,0.5,"Prospect showed positive emotions (more than 2) during wrap-up/Q&A,Agent maintained high confidence or relief near end","Q&A,Wrap","High Radius Technologies, Radius Technologies company, Radius Technologies, High Radius, Past three years, Technologies company, associate consultant, working in Deloitte, June and July, basic knowledge, Institute of Industry, Yeah, Google, studying from physicswalambawala.com, Btech, culling Institute, Yeah, ready, wow, sign, Yeah, sounds, , side to show, side, show, good, college, colleges, India, colleges in India, Delhi, Nice, fan, stayed in Delhi, long, feeling very hot, winters, hot","approval,gratitude,gratitude,realization,admiration,optimism",No Info,No Info,"Deloitte, High Radius Technologies, the High Radius Technologies, GMAT",No Info
118_20250217,Feb,0.62,"Prospect showed positive emotions (more than 2) during wrap-up/Q&A,Low stress or confusion during price discussion,Agent maintained confidence or relief near end","Q&A,Wrap,Price discussion","great, Yeah, Awesome, starting, expecting, early, Yeah, plot, Yeah, MBA, year, thought, half, year of gap, qualified, thinking, Yeah, Give, minute, idea, schools, days, yeah, GMAT works, GMAT, works, beginning, Yeah, write my GMAT, half months ahead, months ahead, wanted to understand, planning to write, yeah yeah, month subscription, Yeah, lot, lot of yeah","approval,approval,optimism",No Info,No Info,No Info,No Info
119_20250217,Feb,0.62,"Prospect showed positive emotions (more than 2) during wrap-up/Q&A,Low stress or confusion during price discussion,Agent maintained confidence or relief near end","Q&A,Wrap,Price discussion","Yeah, GMAT, GMAT plan, make my GMAT, sort of make, wanted, gave, study, planning to prepare, correct, prepare, GMAT, GMAT correct, target ISP, ISP its good, planning, yeah, Yeah yeah yeah, Yeah yeah, guess, weekends, videos yeah, videos, watch, Yeah, start, percentile, thought, yeah, sense that yeah, sense, critically, miss, skip, turns, dashboard, correct, Yeah, today, today only Yeah, tomorrow, give, today or tomorrow, today is today, yeah, yeah yeah, Wait, link, start today, time for CAT, CAT, thinking sooner","approval,gratitude,optimism",No Info,No Info,GMAT,No Info
11_20250107,Jan,0.75,"Prospect showed positive emotions (more than 2) during wrap-up/Q&A,Low stress or confusion during price discussion,Agent maintained high confidence or relief near end","Q&A,Wrap,Price discussion","educational background, mechanical engineer, MBA, yeah, mock, background, study, started slowly, number one number, number, notice, solving the remaining, grade Max, studied, month ago, stuff I studied, Yeah, questions, Yeah, cleanly, day, correct, universal this thing, calculus at universal, general structure, score in critical, critical reasoning, Yeah, improving, score, critical, reasoning, face interaction, life interaction, Yeah, interaction, prefer this face, face, face to face, life, ","approval,realization,gratitude,optimism,optimism",No Info,No Info,No Info,No Info
120_20250218,Feb,0.5,"Prospect showed positive emotions (more than 2) during wrap-up/Q&A,Low stress or confusion during price discussion","Q&A,Wrap,Price discussion","Saint Gown, University of Saint, studied economics, Switzerland, Gown, University, Saint, main reason, Yeah, Official guide Yeah, official guide, official, weeks, thing, big thing, questions, mat club thing, club thing, free resources, mat club, Yeah, thing, free, resources, practical side, question practice quiz, question, question practice, section, practical, practice quiz, move forward, makes sense, makes, sense, Yeah, yeah, gonna gonna contact, thinking, case, gonna contact, gonna, gonna gonna, case I interested, lot","approval,gratitude",Switzerland,No Info,the University of Saint Gown,the next 8 weeks
121_20250218,Feb,0.5,"Prospect showed positive emotions (more than 2) during wrap-up/Q&A,Agent maintained high confidence or relief near end","Q&A,Wrap","Delhi College, College of Arts, Arts and Commerce, honors from Delhi, Bachelors in economics, economics honors, Yeah, Delhi, yeah, achieve, MAD, achieve Karnabi, difficult to achieve, difficult, score, GMAC, Yeah, study plan, study plan initially, verbal section, study, plan, wanted, personalized study plan, Yeah, pursuing Econus, Econus, heavy, maths, heavy maths, person, pursuing, Yeah, lot of questions, questions, mock, aware, lot, stuff, Yeah, thinking, talk, parents and stuff, mentors and stuff, month, give, yeah, planning, planning today, tonight, today, free, 8:30, mock","approval,realization,approval,gratitude,admiration,optimism",UK,"arts, bachelors, commerce","Delhi College of Arts and Commerce, TTP","2027 Jan, August 1, 2026"
122_20250219,Feb,0.38,"Prospect showed positive emotions (more than 2) during wrap-up/Q&A,Agent maintained confidence or relief near end","Q&A,Wrap","chartered accountant, GMAT, years, entity of Nomura, yeah, Namura, GMAT Focus, past, yeah, GMAT, experienced, plan, highly, GMAT earlier, professional experience, colleges and based, yeah, give, green Sigma, correct, Sigma, demotivating, stigma, journey, Yeah, pretty, cool, quiz, mind, post, post quiz, questions, correct, attempt score, valid score, score, topic, yeah, percent, accuracy, Yeah, correct, score, mocks, mock, good, mocks is good, Yeah","approval,approval,optimism","Germany, Frankfurt",No Info,"Morgan Sandy, Nomura, Namura, GMAT",65675
123_20250219,Feb,0.62,"Prospect showed positive emotions (more than 2) during wrap-up/Q&A,Low stress or confusion during price discussion,Agent maintained confidence or relief near end","Q&A,Wrap,Price discussion","Yeah, Jamboree, drastically, give the exam, job, basically, finished, give, profiles of ISB, median score, Yeah, find a pattern, basically base basically, full full GMAT, ISB, hours, Yeah, Delhi, Mumbai, nice, MBA back, campus, MBA, Kota group, Yeah, questions, basically, bit, MSS, time, thing, based questions, sectional mock, mock for verbal, studying for quant, Yeah, Basically, correct, planner, remind, Yeah, option, self-paced, pretty clear, clear, remember correctly, pretty, month, Yeah, questions, good, session, good session, time, patient","approval,gratitude,admiration",No Info,No Info,No Info,2022
124_20250219,Feb,0.75,"Prospect showed positive emotions (more than 2) during wrap-up/Q&A,Low stress or confusion during price discussion,Agent maintained high confidence or relief near end","Q&A,Wrap,Price discussion","Yeah, perfect, India, Awesome, years, ISB, message, phone, Yeah, engineering, data, good, videos, mechanical engineering, pretty, mechanical, Yeah, awesome, claimed, guess, Yeah, September, hours per week, MBA, deadlines, hours, week, basically, yeah, ISD Yeah, score, score for ISD, basically, ISD, target score, good score, Yeah, months, planning, understanding, ideal, good, worry, months is good, Yeah, happy","approval,optimism,realization,gratitude,joy,optimism,optimism",India,No Info,No Info,"more than 10 years, 10 years"
125_20250221,Feb,0.12,Agent maintained confidence or relief near end,No Info,"influence GMAT, understand your profile, profile, work, understand, GMAT, terms, influence, Yeah, things, Awesome, basis, monthly basis, work experience, monthly, invoicing, learn, average, watch, understanding, fair understanding, Phase, completely, percentile, percentile till, mental support, percentile, Normal sectional mocks, GMAT replica, straightforward, Normal sectional, till, , Monday or Tuesdays, Monday, expecting say Monday, Tuesdays, yeah, expecting, Bye, note",optimism,No Info,No Info,GMAT,4 year
126_20250221,Feb,0.5,"Prospect showed positive emotions (more than 2) during wrap-up/Q&A,Agent maintained high confidence or relief near end","Q&A,Wrap","Yeah, message, week ago, preparation a week, started my preparation, tests basically, week, ago, Test score, Yeah, Yeah, prefer Teams, Teams, give, Amrit, March, prefer, weeks, month thing, September the deadline, month, thing, moving, planning, September, yeah, , working full time, yeah, working full, full time, focus, based, working, full, Yeah","approval,gratitude,gratitude,optimism,optimism",No Info,No Info,No Info,No Info
127_20250222,Feb,0.5,"Prospect showed positive emotions (more than 2) during wrap-up/Q&A,Low stress or confusion during price discussion","Q&A,Wrap,Price discussion","Amrit, year programs, year, programs, Yeah, Yeah yeah, Yeah, EEG MAT, MAT like works, platform of EEG, EEG, MAT, videos, works, months, yeah, GMAT, years, give GMAT, work, hurry, give, yeah, questions, Yeah","approval,gratitude",No Info,No Info,Amrit,No Info
128_20250223,Feb,0.25,Prospect showed positive emotions (more than 2) during wrap-up/Q&A,"Q&A,Wrap","Yeah, yeah yeah, case yeah yeah, score Yeah yeah, Yeah yeah give, case yeah, score Yeah, yeah give, yeah, Total, data insights, thing, questions, April, question, basic score yeah, GMAT prep, respect to GMAT, Yeah, GMAT, prep, personally, feedback, give, Yeah, ready, focus, give, month, chance, audible, , Yeah, started in January, January, verbal hub, thing, purchased, preparation, told, Yeah, parents, give, time, time because yeah","approval,gratitude",No Info,No Info,No Info,No Info
129_20250223,Feb,0.5,"Prospect showed positive emotions (more than 2) during wrap-up/Q&A,Agent maintained high confidence or relief near end","Q&A,Wrap","petroleum engineering, bachelor degree, degree in petroleum, engineering, Elsa type, graduated, bachelor, degree, Yeah, questions, started, quant, kind of mixing, verbal quant, Brenda, verbal, quant, yeah, verbal, score, questions, push, easy, start, test, stage, Yeah, mock tests, make any sense, verbal, absolutely fine, things, learned in stage, questions, solve, stage, Muscle memory, thing, happen, process, ample practice, practice for verbal, Brenda, stage, ample, practice, verbal, board, ","approval,gratitude,optimism,optimism",No Info,"engineering, bachelor",No Info,the weekend of June 28th
12_20250107,Jan,0.5,"Prospect showed positive emotions (more than 2) during wrap-up/Q&A,Agent maintained high confidence or relief near end","Q&A,Wrap","Yeah, audible, visible, preparing, test, score, started, started preparing, answer the question, hours, verbal, yeah, flow, answer, question, plan, difference in weightage, matter of luck, scoring, day, difference, weightage, matter, luck, time rereading things, rereading things, spend a lot, lot of time, time rereading, called Journey View, Journey View, learn, , months, planning, coupons, discounts, point, time, running, point of time, Yeah, final price, Sir, Bye, final, price, back, decide","approval,approval,optimism,optimism",No Info,No Info,No Info,No Info
130_20250219,Feb,0.5,"Prospect showed positive emotions (more than 2) during wrap-up/Q&A,Low stress or confusion during price discussion","Q&A,Wrap,Price discussion","MAT works, works in general, MAT, general, aware, works, completely anoop, English, completely, anoop, gradually my English, Yeah, fine, English rather deteriorated, people have told, processing the question, start processing, start, people, question, long, told, verbal back, weak, practicing, cat practice material, matter, score, back, verbal, mat work, work, mat, Yeah, Kindly, nice sense, nice, sense","approval,approval",No Info,No Info,EG MAT,No Info
131_20250224,Feb,0.38,"Prospect showed positive emotions (more than 2) during wrap-up/Q&A,Agent maintained confidence or relief near end","Q&A,Wrap","Yeah, Yeah, test, Excel, find any mail, mail, find, weeks, week, Yeah, fun, alright, yeah, exam, idea, exam works, works, time, week, MAT, , Yeah, April, day extension, day, month, extension, add, exam","approval,realization,gratitude,optimism",No Info,No Info,No Info,No Info
132_20250224,Feb,0.75,"Prospect showed positive emotions (more than 2) during wrap-up/Q&A,Low stress or confusion during price discussion,Agent maintained high confidence or relief near end","Q&A,Wrap,Price discussion","long time, GMAT, Quan sections, study plan, Quan, March, study, plan, Uzbekistan, shared all materials, online lessons, lessons, teacher, watching online lessons, online class, online, practice practice practice, practice practice, study plan, watched many videos, yesterday from e-mail, practice, plan, watched, make, verbal, study plan, days, quant, study, plan, Quan section, Yeah, day study plan, day study, quant section, study plan, day, section, purchase, purchase today, start today, Correct, start, purchase, today, days, great, helpful session, helpful, session","approval,optimism,gratitude,optimism,admiration,optimism",No Info,No Info,"Piyush, GMAT","2 days, 14th of March, 18 years, 1718 days"
133_20250225,Feb,0.5,"Prospect showed positive emotions (more than 2) during wrap-up/Q&A,Low stress or confusion during price discussion","Q&A,Wrap,Price discussion","years of experience, years, experience, GMAT, June, quad part, June or July, till, Indian schools, Indian, Gmail route, MBA, year, NMMS Mumbai, schools, target, Ahmedabad, Awesome, CAD consultations, Mumbai, stayed in Mumbai, admitted I Ahmedabad, kind of calls, God, Yeah, Mac focus, Mac, previous, previous show, previous scoring, show, understand, Yeah, correct, heard, pretty good, pretty, good, change your plan, correct, plan, start, March, incorporated, change, weeks, Awesome, Yeah","approval,gratitude",No Info,No Info,GMAT,No Info
134_20250226,Feb,0.5,"Prospect showed positive emotion (hope or confidence or etc.) during wrap-up/Q&A,Low stress or confusion during price discussion,Agent maintained confidence or relief near end","Q&A,Wrap,Price discussion","educational background, mechanical engineer, NMMS Mumbai, MBA, absolutely fresh, background, terms, educational, Yeah, MBA, APHD, Awesome, , kind of CAD, CAD mix, odd years, CAD, Awesome, odd, years, prepare, correct, month, suited, Vaibhav, Yeah","gratitude,admiration",Mumbai,phd,Army,No Info
135_20250226,Feb,0.62,"Prospect showed positive emotions (more than 2) during wrap-up/Q&A,Low stress or confusion during price discussion,Agent maintained confidence or relief near end","Q&A,Wrap,Price discussion","educational background, NMS Mumbai, mechanical engineer, MBA, GMAT, background, mechanical, terms, Yeah, general management, ISP, Gmail, Excel, knowledge, ISP then SPG, good, clear part, Yeah, year, exploring, CAT, percentile, give, good, Yeah, unable, times, things, frustrated, giving, exam, learn, targeting Indian colleges, Indian colleges, targeting Indian, decent score, Indian, score, correct, targeting, Yeah, Saturday, Correct hours, Saturday week, week, Correct, March, Monday, Yeah, giving time, call, time, giving","approval,gratitude,optimism",No Info,No Info,"SPJ, NMS Mumbai, GMAT",No Info
136_20250226,Feb,0.62,"Prospect showed positive emotions (more than 2) during wrap-up/Q&A,Low stress or confusion during price discussion,Agent maintained confidence or relief near end","Q&A,Wrap,Price discussion","firm like PCs, private firm, yeah, PCs, graduate, working, private, firm, Yeah, time, mock, mat, reading, passage, start, passage reading, Yeah, questions, engineer, thing, time, dealing, gave, person, Yeah, find it difficult, difficult to stay, stay tuned, longer passages, find, difficult, stay, Yeah, Yeah, India, good, Yeah, difficult, figured, Nice, violent lessons, lessons, hey, time","approval,gratitude,realization,admiration",No Info,graduate,No Info,around 7 years
137_20250227,Feb,0.62,"Prospect showed positive emotions (more than 2) during wrap-up/Q&A,Low stress or confusion during price discussion,Agent maintained confidence or relief near end","Q&A,Wrap,Price discussion","Hammond Connected Services, mechanical engineer, MMS Mumbai, educational background, MBA, Hammond Connected, Connected Services, Yeah, Yeah, high score, hours, quality, MBA, CGPA, targeting, high, GMAT, GMAT Club, idea, yeah, time, penalty, capping, Club, June is pretty, Yeah, pretty, pretty good, number, June, number of files, number of hours, Yeah, structure, expert, based, question MAD Yeah, yeah, MAD Yeah, wanted, question, question MAD, based, solve, meeting, time","approval,gratitude,optimism",MMS Mumbai,"science, computer science","DI, the Hammond Connected Services",2021
138_20250226,Feb,0.62,"Prospect showed positive emotions (more than 2) during wrap-up/Q&A,Low stress or confusion during price discussion,Agent maintained confidence or relief near end","Q&A,Wrap,Price discussion","years, years of experience, Yeah, year, started, prepared for GMAT, construction, management, role of CEO, hired for vice, vice president, year MBA, MBA, CEO, people, year, Reading comprehension, Reading, Sir, comprehension, majority, answers, good, good score, Yeah, equations, linear equations, linear, concept, solving, score, scores, mastered quadratic equations, quadratic equations, mastered quadratic, equations, hours, mastered, quadratic, critical reasoning, Yeah, invited, GMAC, thing, called, attended, explain, questions, working full time, egmap company, full time, working full, company, time, Yeah, egmap","approval,approval,optimism","Nikbar, Pune","engineering, bachelor","PGPX, PMO, EG MAT, GMAT","between 5, 2 year, 10 plus years"
139_20250227,Feb,0.62,"Prospect showed positive emotion (hope or confidence or etc.) during wrap-up/Q&A,Low stress or confusion during price discussion,Agent maintained high confidence or relief near end","Q&A,Wrap,Price discussion","MBA, Google, finance sector, joined the bank, change my job, required qualification, masters in zoology, zoology back, Yeah, HES, exams, maths, studied, basics, laptop, percentile, Yeah, quant, Wow, difficult, nice, generally, found, thinking, Yeah, camera, happening, Sunday, hours, months, basically, months basically, Yeah, mentor anytime, anytime, contact the mentor, contact, mentor, discounted price, price, showed, two-month, discounted, ","gratitude,optimism,optimism",No Info,masters,"YouTube, Google",2016
13_20250108,Jan,0.38,"Prospect showed positive emotions (more than 2) during wrap-up/Q&A,Agent maintained confidence or relief near end","Q&A,Wrap","educational background, mechanical engineer, MBA, writing the GMAT, GMAT sometime possibly, year, universities in America, background, Yeah, find, terms, terms of verbal, kind, verbal reasoning, difficult to read, read the passage, Yeah, feels, feels good, Yeah, good, foundation stage, feels, set of questions, learned in foundation, stage, , Yeah, clear, weeks, good, couple, start, couple of weeks, weeks probably start, Yeah, clear","optimism,approval,optimism","M7, America, Stanford",engineering,GMAT,No Info
140_20250227,Feb,0.62,"Prospect showed positive emotions (more than 2) during wrap-up/Q&A,Low stress or confusion during price discussion,Agent maintained confidence or relief near end","Q&A,Wrap,Price discussion","audible, job July, July, fine, company, quit my job, work, quit, Yeah, GMAT, gave, official GMAT, GMAT site, yesterday, questions, find, Yeah, months, give, March to April, month March, beginning, Miku Bharja Ketchikwala, Bharja Ketchikwala Scholarship, Yeah, Mac, join EG Mac, making, feeling, stuck, things, thing, Yeah, information, yeah, cool, months, yesterday, scored, preparation, scored yesterday, Yeah, reattempt","approval,gratitude,optimism",No Info,No Info,No Info,July 20
141_20250228,Feb,0.38,"Prospect showed positive emotions (more than 2) during wrap-up/Q&A,Agent maintained confidence or relief near end","Q&A,Wrap","Yeah, couple of minutes, WhatsApp number, number, leave, couple, minutes, WhatsApp, Yeah, demo class, Sir, GMAT website, GMAT, class, hey, thought, Yeah, Sir, MAT, MAT teach, correct, month, months, assumptions, GMAT self based, choose this GMAT, Yeah, Sir, focusing to choose, GMAT, based, test in August, Yeah, months, Yeah, Sir, Khatu, understanding, busy","approval,gratitude,optimism",No Info,No Info,WhatsApp,No Info
142_20250224,Feb,0.38,"Prospect showed positive emotions (more than 2) during wrap-up/Q&A,Agent maintained confidence or relief near end","Q&A,Wrap","high school, long time, time, GMAT Amsterdam, started international business, master degree, master, math, Yeah, Friday, quant, hours, week, quant class, class, working, mock Excel, Yeah, kind of doubting, Excel, correct, Matt, kind, doubting, Yeah, correct, weaker, section, guess, time, improve, weaker section, Yeah, ago, years ago, year ago, years, year, buy, inside, Yeah, GMAT, hours, declined, applied, university, studying, applied for university, Yeah","approval,gratitude,optimism",No Info,high school,GMAT,2 years
14_20250110,Jan,0.62,"Prospect showed positive emotions (more than 2) during wrap-up/Q&A,Low stress or confusion during price discussion,Agent maintained confidence or relief near end","Q&A,Wrap,Price discussion","Yeah, expecting, score, fast, pick, yeah, GMAT, guess, stuff, GMAT tutoring, thought, resources, found e GMAT, Yeah, mentor, hours, working, solve, performance, Ohh, weekend, Yeah, GMAC Yeah, GMAT, minute, thinking, kind, GMAC, GMAT I studied, feel yeah, yeah, feel, include like days, days for mock, mock tests, end, include, cementing quiz, yeah cementing quiz, concept anymore, yeah, yeah yeah cementing, cementing, quiz, yeah cementing, connect your phone, phone call, call to address, yeah, address that yeah, covered, ping, connect","approval,realization,gratitude,optimism",No Info,No Info,No Info,No Info
15_20250110,Jan,0.25,"Prospect showed positive emotion (hope or confidence or etc.) during wrap-up/Q&A,Agent maintained confidence or relief near end","Q&A,Wrap","Nithya, audible, terms, hundreds, Yeah, time, prep, message, high ideally, yeah, scores, sum of scores, poneta, high, ideally, basically, data sufficiency, algebra, data, sufficiency, sections, round, sectionals for verbal, understand, Facebook Messenger kind, set, Facebook Messenger, target accuracy, target score, hit, give, end, idea, giving, ","approval,admiration",No Info,No Info,Hello Nithya,79
16_20250110,Jan,0.38,"Prospect showed positive emotions (more than 2) during wrap-up/Q&A,Agent maintained confidence or relief near end","Q&A,Wrap","started the preparation, Yeah, CAT in normal, appeared for CAT, GMAT, started, preparation, CAT, Yeah, Target the score, ADMAT last year, appeared for ADMAT, Target, GMAT level, score, tough, verbal part, verbal side, verbal, part, side, concerned, end up scoring, guess like suppose, Yeah, , CEG BAT platform, CEG BAT, BAT platform, CEG, BAT, journey, accesses, clear, Ping","approval,gratitude,optimism",No Info,No Info,"CAT, GMAT",No Info
17_20250110,Jan,0.38,"Prospect showed positive emotions (more than 2) during wrap-up/Q&A,Agent maintained confidence or relief near end","Q&A,Wrap","CAT and SAT, prepare for CAT, CAT, SAT, year, GMAT, prepare, twenty months, Monday to Friday, hours and Saturday, Sunday, hours, Friday, Saturday, reason was English, Monday, Yeah, TTP, mat, mocks, student account, account who kind, kind of started, months, Yeah, kind, NMAT exam, NMAT, give, enhanced, exam, good, , yeah, CAT, CAT background, GMAT English, indoor, GMAT, website, background, Yeah, sleep, lot","approval,approval,gratitude,optimism",No Info,No Info,"EG Mat, SAT, GMAT, TTP, CAT","I-10 days ago, 3-4 months"
18_20250111,Jan,0.38,"Prospect showed positive emotions (more than 2) during wrap-up/Q&A,Agent maintained confidence or relief near end","Q&A,Wrap","Yeah, Yeah, retake, ago, level, questions, grade, Amruth, test, Yeah, author who writes, author, writes, hashtag, exam, quiz, cementing quizzes, people have recommended, GMAT prep, yeah, people, recommended, daily basis, GMAT, daily, automatically adjust, Yeah, day, automatically, prep, adjust, time, backlog, Yeah, planning, yeah yeah, purchase, planning to purchase, great, yeah yeah tomorrow., start","approval,approval,gratitude,optimism",No Info,No Info,No Info,No Info
19_20250112,Jan,0.62,"Prospect showed positive emotions (more than 2) during wrap-up/Q&A,Low stress or confusion during price discussion,Agent maintained confidence or relief near end","Q&A,Wrap,Price discussion","Yeah, Cool, Bangalore, month, kind, live, cold, live in Bangalore, Yeah, Cloud Fuse, good, called Cloud Fuse, graduated, Welland MBA, worked, years, Yeah, back to Bangalore, job, home, Bangalore, week, test, finding it hard, hours, weekends like Saturday, time as needed, Sunday, Yeah, Saturday, GMAT, needed, yeah, True, days, month, ahead, thinking, start, back, NCR January, intake dead, bit rushy, dead first round, January, NCR, yeah, intake, Yeah","gratitude,approval,gratitude,optimism","Kerala, Orissa, Bihar",No Info,No Info,18th
1_20250101,Jan,0.12,Agent maintained confidence or relief near end,No Info,"device, Yeah, connect, extension, fine, point animation, point, animation, extension animation, GMAT score, animation, yeah, months, extension, GMAT, share, London Business School, things, schools, quickly give, scores, score, Business School, Indian School, critical listening, questions, GMAC, GMAT question bank, question bank, videos, question, GMAT question, initial series, direct inbox, mentors, planning, initial, series, direct, inbox, GMAT, random, platforms, mentor, assigning, GMAT platforms, GMAT preparation, GMAT preparation platforms, ",optimism,No Info,No Info,No Info,No Info
20_20250112,Jan,0.25,Prospect showed positive emotions (more than 2) during wrap-up/Q&A,"Q&A,Wrap","educational background, mechanical engineer, NMS Mumbai, working with Deloitte, MBA, Institute in Electronics, GMAC, CAT, overrepresented bunch, Indians, GMAT, bunch, overrepresented, GMAT score, people Joe, wanted, question, Jamai Mogdevi Rata, time, gap offset, questions, Jamai Mogdevi, Mogdevi Rata, offset, sectional box, sectional, time higher, box, percentile, higher, Kyawa CRMA foundation, Quant, steps clearly defined, Jabni task complete, calendar view data, task complete earlier, Jabni task, defined, view data, complete earlier, entire thing, thing any questions, questions doubts, test prep company, entire, thing, questions, doubts, exam day, test day, minimize surprises, job claim Max, claim Max impact, day, approach job claim, approach","approval,gratitude",No Info,No Info,"Bosdart, OG, NMS Mumbai, Deloitte, JP Institute in Electronics, CAT, GMAC","1.5 years, 2023"
21_20250112,Jan,0.62,"Prospect showed positive emotions (more than 2) during wrap-up/Q&A,Low stress or confusion during price discussion,Agent maintained confidence or relief near end","Q&A,Wrap,Price discussion","Yeah, GMAG plan, GMAG, options, morning like researching, checking, morning, researching, bit early, Yeah, GMAT, GRA, early, bit, GMAT if GRA, Spanish, GMAT, Yeah, years, math, valid, passed fine, fine, wondering, Yeah, week, days, problem, everyday, send, link, sign, Yeah, single thing, single stage, single, thing, thinking, time, stage, , cool, yeah, started, master comprehension, started videos, comprehension, time, master","approval,gratitude,optimism",No Info,No Info,No Info,No Info
22_20250112,Jan,0.38,"Prospect showed positive emotions (more than 2) during wrap-up/Q&A,Agent maintained confidence or relief near end","Q&A,Wrap","Yeah, GMAT, MBA, Mad, executive MBA, time MBA, GMAT classes, Ahmedabad, Google GMAT, GMAT lashes, GMAT, Google, Yeah, lashes, company, GEG math, Yeah, mock, test, Yeah yeah, recorded, telling, age, Theek, computerized notepad, yeah, real exam, notepad, pen paper, paper to write, write solve, solve the questions, live session, live, giving, faster, session, month, extra, amount, minute sessions, minute, sessions, giving, Max, coupon code extra, code extra coupon, extra coupon code, coupon code, code extra, extra coupon, giving me standard, coupon","approval,approval,gratitude,optimism",No Info,No Info,GMAT,34 months
23_20250112,Jan,0.12,Prospect showed positive emotion (hope or confidence or etc.) during wrap-up/Q&A,"Q&A,Wrap","educational background, mechanical engineer, NMMS Mumbai, MBA, India Amadora financial, India Amadora, background, finance in Sweden, Jesse, Yeah, TRS, kar Satya, book, planning, Satya, devote kar Satya, baal APK understanding, APK understanding kidney, concept concept quality, syllabus poor aliasa, people solving videos, problem video video, video video dekhne, mujhe mane YouTube, completely structured plan, structured plan, start prep, completely structured, full time prep, Tinoga Lagla question, Abhiyam could study, plan, mujhe SIF mock, SIF mock test, mock test buy, begin practice online, practice online basically, test buy kernel, SIF mock, SIP mock, days, Pekarna and eight-month, days Kalina job, days Napco, Yeah, days Kalina, month, Jobi Hoga, prep discuss Curry, strategy discuss Curry, discuss Curry strategy, Curry strategy discuss, discuss Curry, structured prep discuss, Curry strategy, nice interacting",gratitude,"India, India Amadora, US, Sweden, Mumbai",No Info,"GMAT, BBA, che, MATLAB",No Info
24_20250111,Jan,0.62,"Prospect showed positive emotions (more than 2) during wrap-up/Q&A,Low stress or confusion during price discussion,Agent maintained confidence or relief near end","Q&A,Wrap,Price discussion","Yeah, Weekend, starts in July, lot of admission, admission consultants, round one starts, July, lot, consultants, yeah, hours on average, Weekdays, average, hours, dedicate a lot, lot of time, weekends, weekend, , lucky, hope, yeah, text you back, join, thing, buy, discuss, parents, text, Yeah","approval,optimism,gratitude,optimism",No Info,No Info,No Info,No Info
25_20250110,Jan,0.5,"Prospect showed positive emotions (more than 2) during wrap-up/Q&A,Low stress or confusion during price discussion","Q&A,Wrap,Price discussion","month, confuse, yeah, talk, hours, guiding, Yeah, hour thing, race, hour, long, watching at double, generally I slightly, verbal, verbal generally, mock verbal, problem, generally, slightly, yeah, Yeah, Indian colleges, Indian, years, Calcutta, months, colleges, thing, Yeah, clear, team, break, people, heard, lunch, lunch break, Yeah, months, make the payment, payment, make, recall, math, dollars, Yeah yeah, Yeah, GMAC, body, nba.com, MacBook","gratitude,gratitude",No Info,No Info,No Info,2 month
26_20250113,Jan,0.38,"Prospect showed positive emotions (more than 2) during wrap-up/Q&A,Agent maintained confidence or relief near end","Q&A,Wrap","Yeah, months, 7:00 college related, roughly, college related, yeah roughly, math, online, Yeah, test Prem, Prem, test, test target, give one mock, target, give, thing I wanted, wanted to clarify, quiz to check, check our readiness, topic, thing, wanted, clarify, yeah, give, , yeah, affected drastically, score, drastically, score good, wanted, good, grade, Yeah, queries","approval,gratitude,optimism",No Info,No Info,"EG, GMAT",2 months
27_20250110,Jan,0.62,"Prospect showed positive emotions (more than 2) during wrap-up/Q&A,Low stress or confusion during price discussion,Agent maintained confidence or relief near end","Q&A,Wrap,Price discussion","remember, late, thought, meeting, Kanpur and completed, Kanpur, bachelor in engineering, 7:15, CAT, yeah, months, post, appeared for cat, prepare for CAT, break, worked, hours, attempt in February, efficient, give an attempt, February, basically, score, Google, March, credentials or AAP, AAP is prep, AAP, reviews, mba.com credentials, review mba.com credentials, verified reviews, fine, Netflix, January, fine, Yeah, Fair","approval,approval,gratitude,optimism",Kanpur,"engineering, bachelor",No Info,No Info
28_20250113,Jan,0.38,"Prospect showed positive emotions (more than 2) during wrap-up/Q&A,Agent maintained confidence or relief near end","Q&A,Wrap","educational background, mechanical engineer, BMS Bachelors, Bachelors of Management, Management Studies, Studies from Birla, Birla College, MBA, Yeah, chart, percentile, target, Columbia, verbal, basically give, verbal preparation, verbal, questions, time, quant, percentile, learning, move, thing, mock test, mock, solutions, talk about quant, months, time, talk, hard level, complete login, yeah, hours, complete, login, days, Roughly, critical reasoning, lot of struggles, save, lot, lot of time, struggles, time, join, decide, standard cementing process, cementing process, area like data, data sufficiency, sufficiency is good, standard cementing, Bye, process","approval,gratitude,optimism","Kalyan, RC",bachelors,"Birla College, BMS Bachelors of Management Studies",No Info
29_20250113,Jan,0.5,"Prospect showed positive emotions (more than 2) during wrap-up/Q&A,Agent maintained high confidence or relief near end","Q&A,Wrap","educational background, NMMS Mumbai, MBA, planning, give, human resource, University of Memphis, give my GMAT, cat November meow, cat, classes, cat November, November, good in points, GMAT, offline, launchers for GMAT, career launchers, Hogani Miko Patya, GMAT, Hogani Miko, Miko Patya, friends, pretty good, Charon mocks add, trial the Pella, Pella mock, Charon mocks, Pella, Charon, Yeah, kiss, , Yeah","approval,realization,gratitude,admiration,admiration,optimism",Mumbai,No Info,"GMAT, University of Memphis, NS YSR, SYBMS",No Info
2_20250102,Jan,0.5,"Prospect showed positive emotions (more than 2) during wrap-up/Q&A,Agent maintained high confidence or relief near end","Q&A,Wrap","sentence correction part, Yeah, sentence correction, correction part, Correct sentence, sentence, part, correction, Yeah, Mac, GMAT, Fair, scoring, integrated reasoning, reasoning last time, fine, Yeah, key, thought, months, start, purchase, frankly, time, Yeah, Baijus vedantu Topper, Baijus vedantu, vedantu Topper, Baijus, Topper, Someday, event, , Yeah, Kiwi Ekbar, Kiwi Ekbar confirm, problem is Kiwi, problem, freeze Karlu, Ekbar confirm, confirm on Achi, Yeah, weeks, working, pretty fine, official, arrangement works, e-mail, fine","approval,gratitude,approval,gratitude,optimism,optimism",No Info,No Info,"GMAC, GMAT",No Info
30_20250114,Jan,0.38,"Prospect showed positive emotion (hope or confidence or etc.) during wrap-up/Q&A,Low stress or confusion during price discussion","Q&A,Wrap,Price discussion","Yeah, cool, Theek hai, Theek, hai, fine, engineering graduate basically, Government of India, graduate basically, government, GMAT exam, Cool, engineering graduate, research organization, engineering field, year PGP program, MBA, year, things, MBA point, year PGP, pursuing online MBA, hours, working, responsibilities, improve, moment, hours of time, week basis, months, East Sigma, average, Generally, hours, quickly on East, , free or paid, mock will open, mock is free, mock, earlier, open, make a click, figure",gratitude,No Info,No Info,No Info,No Info
31_20250113,Jan,0.75,"Prospect showed positive emotions (more than 2) during wrap-up/Q&A,Low stress or confusion during price discussion,Agent maintained high confidence or relief near end","Q&A,Wrap,Price discussion","standardized test score, require a GMAT, GMAT score, standardized test, test score, MBA, GMAT, score, math, math class, section, section improve greatly, day today, Yeah, section improve, reading knowing, Yeah, good, insights, time, data, data insights, time with data, Yeah, Nice, Nice, Yeah, great, Yeah, discount, links, discount links, ","approval,gratitude,admiration,optimism,optimism",No Info,No Info,GMAT,No Info
32_20250113,Jan,0.5,"Prospect showed positive emotion (hope or confidence or etc.) during wrap-up/Q&A,Low stress or confusion during price discussion,Agent maintained confidence or relief near end","Q&A,Wrap,Price discussion","Hyderabad, Yeah, India, lived, good, born, Delhi, liking, intense work schedule, Yeah, pretty intense work, resources online, pretty intense, starting to prepare, lot, lot of resources, Yeah, pretty competitive GPA, competitive GPA, GPA, work experience profile, experience profile, pretty competitive, work experience, Yeah, Space Engine, prep, learning, methods, math Space Engine, GMAT, Engine, Yeah, lot, people, call, enroll, lot of people, Yeah, Great, Yeah, walking, supposed","gratitude,admiration","Hyderabad, India, Delhi, US, Canada, Mumbai",No Info,"Hyderabad, The Pacific",No Info
33_20250114,Jan,0.0,No Info,No Info,"Personal study plans, Personal study, educational background, study plans, plans in terms, NMMS Mumbai, MBA, Christ University, free, Yeah, time, question, ideal, answer, ideal time, close, Yeah, Scroll, penalty, Verbal, questions, good, negative penalty, English, mechanism also works, question, time, questions, works, mechanism, question number, explain, , month, CRRC",No Info,Mumbai,No Info,"Christ University, CAT, GMAT",No Info
34_20250114,Jan,0.5,"Prospect showed positive emotions (more than 2) during wrap-up/Q&A,Agent maintained high confidence or relief near end","Q&A,Wrap","audible, problem, Yeah, superb, Madrid or Barcelona, Berkeley yeah, Chile, forward, MBA, yeah, Test late April, study abroad, Test late, late April, April and check, abroad, wife, started yesterday morning, started yesterday, yesterday morning, started, Yeah, months, yesterday, morning, Yeah, fair idea, months, idea, initial scorings, fair, simple, start, yeah, side yeah, questions, side, Yeah","gratitude,approval,admiration,optimism,optimism",No Info,No Info,No Info,No Info
35_20250115,Jan,0.62,"Prospect showed positive emotions (more than 2) during wrap-up/Q&A,Low stress or confusion during price discussion,Agent maintained confidence or relief near end","Q&A,Wrap,Price discussion","GMAT, Yeah, years, work, working, experience, work experience, GMAT score, Yeah, exam, terms, attempt at GMAT, sector, generation entrepreneur, medical, medical sector, yeah, MBA, Ohh, fine, time, frame, time frame, regular MBA, Yeah, June, study plan, June Yeah, plan, study, exam June, exam June end, Yeah, faster, exam in June, finish, June, portion faster, catalyst to finish, month plan, Yeah, fine, number, month, June end, June, WhatsApp, number on WhatsApp, Yeah","approval,gratitude,optimism",US,No Info,GMAT,"2 months, 2 years, 4.4 years, those 4 years"
36_20250114,Jan,0.5,"Prospect showed positive emotions (more than 2) during wrap-up/Q&A,Agent maintained high confidence or relief near end","Q&A,Wrap","placements and internships, consist of placements, internships, year, consist, placements, Yeah, MSR and TPA, part, direction, thinking, TPA questions, BBA, company MSR, Yeah, schedule, give, issue, hours per day, study schedule alongside, schedule alongside college, makes sense, Yeah, showing, , session today, today, session","approval,gratitude,optimism,relief",No Info,No Info,No Info,No Info
37_20250115,Jan,0.0,No Info,No Info,"Yeah, question, question wrong, quant, strength, wrong, questions, bit moderate, questions, yeah, time, minutes, minute, kind, permitted time, feel, make a note, question number, Yeah, mark, percentile, questions, make, burn, starting from tomorrow, start starting, time, yeah, questions, Stage, put, things, modules that follow, main point question, point question, module, modules, follow, kind, face, stages in time, gave her mock, time, started, moved, stages, gave, mock, ",No Info,No Info,No Info,No Info,No Info
38_20250115,Jan,0.38,"Prospect showed positive emotion (hope or confidence or etc.) during wrap-up/Q&A,Low stress or confusion during price discussion","Q&A,Wrap,Price discussion","Yeah, fine, Jaipur, business administration, Mad, bachelor in business, administration, bachelor, Yeah, months, years ago, ago, prepared, correct, year, plans, Yeah, Gmail Focus, year, start, colleges, job, question paper, minutes kind, Yeah, fair, weekends, abroad, wrong, Kukesh, rushing, chess, Yeah, maths, hours, scored average, weak point, hour long, hour, average, Yeah, Mac Club, great, Club, Mac, Yeah",gratitude,Jaipur,bachelor,UP,No Info
39_20250116,Jan,0.38,"Prospect showed positive emotions (more than 2) during wrap-up/Q&A,Agent maintained confidence or relief near end","Q&A,Wrap","Yeah, Amrit, untouched, problem, invite, basically, totally, totally untouched, Yeah, kind, finance, private equity, investment banking, MBA, management, equity, switch investment banking, private equity market, investment banking, pursuing MBA, switch investment, equity market, valuing a controllers, skill set, yeah, Things, thing, experience, aim, work, Hindi medium, Hindi, , Yeah, Max, start, planning to start, planning, months Max, Alright, idea, Yeah, happy","approval,gratitude,joy,admiration",No Info,No Info,Amrit,No Info
3_20250102,Jan,0.5,"Prospect showed positive emotions (more than 2) during wrap-up/Q&A,Low stress or confusion during price discussion","Q&A,Wrap,Price discussion","yeah, masters yeah, manufacturing sector, masters, manufacturing, work, sector, manager Gujarat, top notch universities, director level, notch universities, recognised university, company the people, masters degree, top notch, Yeah, Yeah, Yeah, give, echoing, voice is echoing, voice, echo, sound, hear, Yeah, fine, Yeah, send, links, ","gratitude,gratitude",No Info,"masters, engineering",Budweiser,"3 years, 20, 2016, 21"
40_20250116,Jan,0.38,"Prospect showed positive emotions (more than 2) during wrap-up/Q&A,Agent maintained confidence or relief near end","Q&A,Wrap","good, MBA, GMAT, back, aware, older, PhD, older GMAT, information, Thura language Kabhi, Kabhi classes children, mere Thura language, language Kabhi classes, mere Thura, Thura language, language Kabhi, Kabhi classes, linear equations, care, number of hours, linear, equations, journey, verbal, lot, human psyche problem, psyche problem problem, human psyche, psyche problem, problem problem, problem, inference skills, human, local, selected Jana, compare selected Jana, Jana, lady, called, lot of sense, Essay, month, guys","approval,gratitude,optimism",No Info,No Info,No Info,No Info
41_20250117,Jan,0.75,"Prospect showed positive emotions (more than 2) during wrap-up/Q&A,Low stress or confusion during price discussion,Agent maintained high confidence or relief near end","Q&A,Wrap,Price discussion","started any preparation, Yeah, started, preparation, mock test, CRD website, give, months, GMAT online, preparation of GMAT, forgot, platforms like Cora, GMAT, Cora, online, searching, Yeah, point, question, related, mentioned, doubt, clearing, clearing point, Yeah, test, question, till, Gmail, question Gmail, Gmail test, quant, Yeah, Delhi, learning journey, Delhi NCR, East Delhi, learning, journey, GMAC booking, Yeah, correct, Monday, feels, good, beneficiary, hope, sign, ","approval,optimism,gratitude,optimism,optimism",No Info,No Info,CRD,No Info
42_20250119,Jan,0.25,Prospect showed positive emotions (more than 2) during wrap-up/Q&A,"Q&A,Wrap","Yeah, Amruthai, good, etcetera, yeah yeah, sense, portal, structured, product management, years, years in tech, years in product, years of experience, firstly, experience, management, ISV application starts, starting in June, ISV application, June or July, happening starting, July, application starts, June, half hours, topic right Andover, suppose, hours, suppose suppose, feel, half, thing suppose, , Yeah, cool, clear, wanted, yeah, alright, Amruth, time","approval,approval,gratitude",Amruthai,No Info,No Info,No Info
43_20250119,Jan,0.12,Agent maintained confidence or relief near end,No Info,"Yeah, GMAT, fine, questions, repetitive question, median score, score, percentile, focus edition, percentile score, Harvard Stanford, concept getting repetitive, normalised, GMAT Algebra Master, GMAT, GMAT club, GMAT Algebra, Test, scholarship, actual score, score, good advice, lot of students, information, give, good, advice, lot, students, happen frequently, business trip, Sunday, start, make the purchase, frequently, freeze your account, WhatsApp, make the purchase, purchase, make, inform, Bye",optimism,No Info,No Info,GMAT,No Info
44_20250119,Jan,0.75,"Prospect showed positive emotions (more than 2) during wrap-up/Q&A,Low stress or confusion during price discussion,Agent maintained high confidence or relief near end","Q&A,Wrap,Price discussion","Chhattisgarh, urban company, years, snap, Tata, thought, science student, urban, corporate ladder, move upstairs, feel like MBA, MBA, etcetera, good, weekends, Yeah, Yeah, Yeah, future plan, date will differ, date, GMAT, differ, miss, accommodate, Yeah makes sense, makes sense, Yeah makes, sense, Yeah, CAT tests, makes, CAT, website, proceed, mentor, call, Yeah, target, months, GSE extra, GSE, wanted, Banking, extra, wanted to understand, unable, navigate","realization,approval,gratitude,admiration,optimism","Chhattisgarh, Gurgaon","engineering, science","BBA, Chhattisgarh, Tata, BBM, UP, Apollo, CAT, Urban Company","the last 1.5 years, 5-10 years, 2020"
45_20250119,Jan,0.75,"Prospect showed positive emotions (more than 2) during wrap-up/Q&A,Low stress or confusion during price discussion,Agent maintained high confidence or relief near end","Q&A,Wrap,Price discussion","Yeah, started, honestly, preparing, GMAT exam, GMAT, good, prep, Edel finance, risk analyst, Delhi University, Edel, honours from Delhi, dude in Pune, Yeah, target ISP, Yeah, things in terms, months, things, terms, degrees, change, make, Yeah, time, revert, happen, point, point of time, Yeah, months, duration, enroll tomorrow, enroll, tomorrow, sense, Yeah, Yeah, Tuesday, days, couple, couple of days, Yeah yeah","approval,gratitude,optimism,optimism",No Info,No Info,GMAT,No Info
46_20250117,Jan,0.5,"Prospect showed positive emotions (more than 2) during wrap-up/Q&A,Agent maintained high confidence or relief near end","Q&A,Wrap",", calendar properly, give, showing my calendar, give mock test, hours, properly, give mock, mock test, Yeah, Real Gmail, Real, Gmail, David, great, considered failed, failed, considered, side, pretty, Radha, mock test, understanding, yeah, scared, time, problem","gratitude,approval,optimism,optimism",No Info,No Info,No Info,No Info
47_20250120,Jan,0.62,"Prospect showed positive emotions (more than 2) during wrap-up/Q&A,Low stress or confusion during price discussion,Agent maintained confidence or relief near end","Q&A,Wrap,Price discussion","fifty, Yeah, Saturday and Sunday, CRD, hours, Sunday, Saturday, week, study, correct the deadline, deadline, Yeah, correct, Makes sense, Makes, yeah, sense, Nice, quizzes, time, time timer, makes nice, Yeah, nice, makes, made a plan, time, comfortable, questions, Wow, Yeah, nice, USA from Europe, good, coming from Brazil, gonna, Brazil, clear, time, explaining, lot, preparation time, preparation","optimism,gratitude,optimism",No Info,No Info,No Info,No Info
48_20250120,Jan,0.25,"Prospect showed positive emotion (hope or confidence or etc.) during wrap-up/Q&A,Agent maintained confidence or relief near end","Q&A,Wrap",", heard verbal, verbal is difficult, difficult and quant, GMAT, yeah, people, heard, verbal, Yeah, hour is ideal, hour, ideal, step, miss step, miss, great, Yeah","approval,optimism",No Info,No Info,No Info,No Info
49_20250116,Jan,0.75,"Prospect showed positive emotions (more than 2) during wrap-up/Q&A,Low stress or confusion during price discussion,Agent maintained high confidence or relief near end","Q&A,Wrap,Price discussion","yeah, gave cat NMAT, Pushing, long, busy, cat NMAT, week of Feb, Venmat, Yeah, Nice, breakup, Mumbai, GMAT score, GMAT, Breakup the GMAT, bit Breakup, Yeah, offer, Give, Cat, break for Cat, minute, days, work, Yeah, job will start, Sunkar pachas Ganteka, month, space engine, issue, job, start, activated for free, Yeah, enroll, free, activated, IMS, Nice, Preparation, GTP GMAT mocks, GTP GMAT, nice, TTP, mocks, GMAT mocks, GMAC, GTP, job laptop, correct, job, laptop","gratitude,gratitude,admiration,optimism,optimism",Venmat,No Info,"BILR, NMAT",No Info
4_20250103,Jan,0.62,"Prospect showed positive emotions (more than 2) during wrap-up/Q&A,Low stress or confusion during price discussion,Agent maintained confidence or relief near end","Q&A,Wrap,Price discussion","study plans, NMMS Mumbai, MBA, Mumbai, Ahmedabad ISB, plans, educational background, study, give three hours, easily give, Max March, mat thing works, hours, easily, day, Max, Yeah, hearing the audio, audio, heard, hearing, Yeah, strategy expert, expert, strategy, application, video, correct, phone, teams meeting, Yeah, happening, teams, meeting, join without signing, join, signing, months, Yeah, start, based, dashboard, idle, installment option, option for two-month, Yeah, helping, initially, months, pay, guess","approval,gratitude,optimism","Ahmedabad, India, Mumbai",No Info,"PGPX, CAT, DevOps, GMAT",No Info
50_20250121,Jan,0.0,No Info,No Info,"start my journey, Australia National Australia, National Australia Bank, journey, Australia Bank, Yeah, Australia National, National Australia, years back, back, hours, years, GMAT, percentile, deadlines for ISB, ISB are typically, hear, GRE, questions, understand, minutes, question, time, Yeah, score, concepts, Time, algebra, Yeah, percentile, pretty, step, revise that topic, Assumption, gap, revise, topic, hit your target, studying this structure, support, ",No Info,No Info,No Info,"GRE, GMAT, WhatsApp, ISB Hyderabad, CAT, Australia National Australia Bank",No Info
51_20250121,Jan,0.75,"Prospect showed positive emotions (more than 2) during wrap-up/Q&A,Low stress or confusion during price discussion,Agent maintained high confidence or relief near end","Q&A,Wrap,Price discussion","data science, science, join the MBA, computer science, Business School, master in data, master, year of study, MBA, data science, full time job, time, Yeah, time job, full time, hours, data related things, Yeah, experience in analytics, analytics and data, data related, time, good experience, related things, correct, timeline which year, timeline, starting, apply, schools, clear, year, feel, target, start preparing, preparing, correct, start, applying, yeah, score, looked, recall, things, feasible, correct, month score, Yeah","approval,approval,gratitude,admiration,optimism",No Info,"masters, science, bachelor, computer science","NBA, Business School",20s
52_20250121,Jan,0.25,Prospect showed positive emotions (more than 2) during wrap-up/Q&A,"Q&A,Wrap","Yeah, audible, late, writing, gmet, late for writing, writing gmet, alternative career, point of time, Yeah, career or alternative, point, career, time, domain, Yeah, Yeah yeah, verbal section, verbal, session I scheduled, problem, verbal good, section, Yeah, July, session in tech, session, tech, planning, GMAT level, Reading comprehension, critical reasoning, GMAT, reasoning, Reading, level, critical, Yeah, tomorrow, age, start this journey, question, start, journey, Yeah","approval,gratitude",No Info,No Info,No Info,No Info
53_20250122,Jan,0.12,Agent maintained confidence or relief near end,No Info,"percentile, assume, Round, case, apply, helpful, provision, work access, main worry, years of work, access, saturated, main, worry, years, today scenario, hours, days, understand, scenario, forward, today, work, randomly pressed, pressed, maximum, passage, randomly, percentile kind, kind of score, absolutely, percentile, score, medical emergency, situation, kind, scenarios",optimism,No Info,No Info,No Info,No Info
54_20250122,Jan,0.5,"Prospect showed positive emotions (more than 2) during wrap-up/Q&A,Low stress or confusion during price discussion","Q&A,Wrap,Price discussion","Yeah, Yep, minute, give, audible, bit, basically, call, yeah, school offer, school, reason, Business School, GMAT, basically the reason, offer, tunnel vision, Yeah, problem, tunnel, vision, crack, mind, quant, Gmats, Arun Sharma books, level of difficulty, Arun Sharma, level, short sentences, sentences, LOD, Yeah, heard, coming, essential question, expected time, time for result, online it showed, days, essential, question, forget, Yeah, Yeah yeah, give, time, back, give me time","approval,gratitude",No Info,No Info,No Info,No Info
55_20250122,Jan,0.62,"Prospect showed positive emotions (more than 2) during wrap-up/Q&A,Low stress or confusion during price discussion,Agent maintained confidence or relief near end","Q&A,Wrap,Price discussion","Yeah, audible, Yeah, cons yeah, good score, good, cons, school, targeting, score, , Yeah, join eg Mat, Mat, round one application, plan to join, application, plan, join, Yeah, time, Yeah yeah, Yeah","approval,approval,optimism",No Info,No Info,No Info,No Info
56_20250121,Jan,0.38,"Prospect showed positive emotion (hope or confidence or etc.) during wrap-up/Q&A,Agent maintained high confidence or relief near end","Q&A,Wrap",", hours, doubt, yeah, interrupt, kind, doubt, real time, interact, time, mentor will reply, mistake in real, mentor, reply, hear, standard of algebra, algebra and arithmetic, standard, algebra, arithmetic, side showing, pretty, side, showing","gratitude,admiration,optimism",No Info,No Info,No Info,No Info
57_20250122,Jan,0.38,"Prospect showed positive emotions (more than 2) during wrap-up/Q&A,Agent maintained confidence or relief near end","Q&A,Wrap","data interpretation, Data insight, Data, data and data, cont and data, sections, skills, logically, end of January, January, point, point improvement, improvement, quant, verbal, end, mock tests, April, Nat, Stage, Yeah, section, tests, mock, error log, writing the corrective, corrective measure, subject matter expert, matter expert support, stage, hey, subject matter, months to make, months, make, yeah, applications, , honest","approval,gratitude,admiration",cont,No Info,"DI, Data, EG",7-8 years
58_20250120,Jan,0.12,Prospect showed positive emotion (hope or confidence or etc.) during wrap-up/Q&A,"Q&A,Wrap","Chitkala University, Nice, Yeah, University, Rajpura, Chitkala, bachelor, criteria, Jammu Jammu setha, Jammu Jammu, time, Jammu setha koi, setha koi ETA, koi ETA iim, koi ETA, Koi, verbal quantity insights, verbal quantity, quantity insights, sections, verbal, insights, Padre, mentioned, leg glands, week we focus, mid wicket, cover drives, straight drives, focus, focus on straight, drives, Flag discount, start, months, Flag, discount, Patsubini sakam milaka, sakam milaka, doda Patsubini sakam, CMAT, entire global, GMAT, global, doors, entire, weather, Cancel the score, Cancel, score, problem",approval,No Info,bachelor,Chitkala University,No Info
59_20250121,Jan,0.62,"Prospect showed positive emotions (more than 2) during wrap-up/Q&A,Low stress or confusion during price discussion,Agent maintained confidence or relief near end","Q&A,Wrap,Price discussion",", Yeah, fine, Saturdays and Sundays, Saturdays, Sundays, point, lot, questions, Yeah, section, happening, people, start, Yeah, perceive things, perceive, things, median, missed, mentorship, yeah, register, mba.com, Yeah, Sounds OK Suman, Suman, months, months Yeah, Sounds, talk, offer, Yeah, Fabrica in City, City Center, gonna, misery, Fabrica, City, Center","approval,gratitude,admiration",No Info,No Info,No Info,No Info
5_20250104,Jan,0.62,"Prospect showed positive emotions (more than 2) during wrap-up/Q&A,Low stress or confusion during price discussion,Agent maintained confidence or relief near end","Q&A,Wrap,Price discussion","Yeah, thinking, sat, good, marks, exam, test, hours, yeah, mba.com open, questions, question, hard questions, wrong, silly, engineering, Yeah, online, videos, honest, wanted, leave, test, toilet, yeah, case, February, GMAT goes wrong, surrounding, percentile, GMAT, case my GMAT, guess, Yeah","approval,approval,gratitude,optimism",No Info,No Info,No Info,"27th, Jan 30th"
60_20250124,Jan,0.38,"Prospect showed positive emotions (more than 2) during wrap-up/Q&A,Agent maintained confidence or relief near end","Q&A,Wrap","Yeah, professional, working, 9:00, working professional, years, good scholarship, 9:00 to 5:00, internship being accounted, completing, years, Yeah, year, completing three years, universities, hours, Yeah, week wise plan, wise plan, week wise, week, weekly week wise, yeah week wise, wise, Yeah, finding, good, improve, , Yeah","approval,gratitude,admiration",No Info,No Info,No Info,No Info
61_20250124,Jan,0.5,"Prospect showed positive emotions (more than 2) during wrap-up/Q&A,Agent maintained high confidence or relief near end","Q&A,Wrap","Tiga Tiga, Yeah, audible, good, Tiga, Yeah yeah, cons, explored, Yeah, working, , eventually missed, learned, miss, skip, turns, significant, test, eventually, content data interpretation, month thing, pretty decided, duration I feel, option of referring, referring to content, content data, data interpretation, Yeah, time","approval,approval,gratitude,optimism,optimism",No Info,No Info,"Tiga Tiga, GMAT",No Info
62_20250124,Jan,0.5,"Prospect showed positive emotions (more than 2) during wrap-up/Q&A,Low stress or confusion during price discussion","Q&A,Wrap,Price discussion","Yeah, Nice, Delhi, fine, college, student, lot of people, Yeah, people, meeting a lot, undergrad, Parashar PARAPARA SHARERER, year, lot, Yeah, GMAT, Google, weekends, books, searched, login, great, Yeah, correct, data, Eiki Kuchilo, understand, data insights, extra data, Eiki, quant, math in general, good, general, math, Tabi Pachi, Kekhara picks, Jodoke reviews, Bakigo companies, screen GMAT Club, Sony, GMAT Club, Bakigo, Yeah","approval,gratitude",Delhi,No Info,No Info,No Info
63_20250127,Jan,0.38,"Prospect showed positive emotions (more than 2) during wrap-up/Q&A,Agent maintained confidence or relief near end","Q&A,Wrap","March or April, Couple of months, GMAT prep, months, April, years, Couple, March, Offshore and AUM, aiming at Pounds, GMAT Focus, Cambridge Offshore, GMAT, GMAT score, Pounds, AUM, college days, event organizations, yeah, March and April, days, back, college, event, Yeah, months, correct, yeah sectional mocks, part, month, yeah sectional, exams, suppose, mock test, doubts, test, mock, provided, sectional partner, partner, mentor, contact, e-mail, share this video, share, video, Nice having interactive, Nice, interactive session, interactive, session","approval,gratitude,optimism",No Info,No Info,"gmatclub.com, GMAT",4 1/2 years
64_20250127,Jan,0.5,"Prospect showed positive emotions (more than 2) during wrap-up/Q&A,Agent maintained high confidence or relief near end","Q&A,Wrap","computer science degree, college Bangalore, computer science, science degree, college last year, Bangalore, GMAT before November, college, year work experience, work experience correct, work experience, year work, experience correct, EGMAT, year, Question, yeah, months, MSR, correct, Arithmetic, give, put, hours, Yeah, move, Yeah, clear, sectional tests, tests, routine, plan, basically, sectional, Yeah, studying completely, completely, lost touch, touch of studying, lost, touch, studying, Awesome","realization,gratitude,optimism,admiration,optimism",No Info,"science, computer science",GMAT,No Info
65_20250127,Jan,0.38,"Prospect showed positive emotions (more than 2) during wrap-up/Q&A,Agent maintained confidence or relief near end","Q&A,Wrap","EDMA so NBA, Yeah, ECMAT, CAD, EDMA, NBA, Google, Google straight, Yeah, hours, humble, Saturday, Basically, working, give, senior verbal SME, Yeah, verbal SME, working with Egmap, Pratyusha, senior verbal, SME, Egmap, hey, work, work and work, contacting with mentors, response time, answer answer, hours, answer, mentors, understand, contacting, Yeah, ","approval,gratitude,optimism",No Info,No Info,"CAD, Google, NBA",No Info
66_20250128,Jan,0.25,"Prospect showed positive emotion (hope or confidence or etc.) during wrap-up/Q&A,Agent maintained confidence or relief near end","Q&A,Wrap","Clash to university, BBA in business, analytics from Clash, business analytics, BBA, Clash, June, university, Origin, solving questions, video, questions, workable, cover, fundamentals, solving, push program, program, percentile, connecting, students, push, access, things, month, videos, helping, demo class, comprehension, show, number, mock, Yeah, number, video, concept, click, talk, numbers, tired after work, sake of pushing, tired, work, sake, pushing, fact that generally, generally in academics, Yeah, bye","gratitude,optimism",Clash,No Info,BBA,No Info
67_20250128,Jan,0.62,"Prospect showed positive emotions (more than 2) during wrap-up/Q&A,Low stress or confusion during price discussion,Agent maintained confidence or relief near end","Q&A,Wrap,Price discussion","honors agriculture, GMAT, AMD preparation, GMAT exam, CAT exam, CAT, giving a shot, agriculture, giving the shot, GMAT club, free GMAT club, GMAT, year, free GMAT, giving, shot, Data insights, insights we based, Data, insights, based, mock, practice, Yeah, CAT exam, CAT, planning to extend, planning, correct, CAT exam preparation, exam, mocks, MAP, great, Yeah, enrolled, trial, planning, free, video, Yeah, months, September, Awesome, good, years, job, joined, Yeah, Awesome","approval,gratitude,gratitude,optimism",AB,No Info,"GMAT, CAT, BC, AMD",2022
68_20250129,Jan,0.38,"Prospect showed positive emotions (more than 2) during wrap-up/Q&A,Agent maintained confidence or relief near end","Q&A,Wrap","Badruka Commerce, Badruka College, Commerce and Arts, College of Commerce, Commerce of Badruka, chartered accountancy, Badruka, Commerce, college, Yeah, completed my intermediate, completed, Bcom, California Foundation, California, NMMS, Yeah, videos, median points, median, points, Yeah, head, verbal, improved earlier, assumptions, video, idea, heck, Yeah, GMA live, GMA, live, recent update, correct live, Yeah, mother, update, cousin, told, enrolled, Makes sense, sounds good, sense TK sounds, Yeah, Makes, good, Awesome, sense","approval,gratitude,optimism","India, California","arts, commerce","Badruka Commerce, Badruka College of Commerce",2025
69_20250130,Jan,0.38,"Prospect showed positive emotion (hope or confidence or etc.) during wrap-up/Q&A,Agent maintained high confidence or relief near end","Q&A,Wrap","looked, manage, give your mock, study plan, start, mock, show, functionality, points improvement, quantum verbal, improvement, points, verbal, Yeah, quantum, point, hours, students, stage, hour, day, month of February, skill, set, verbal questions, pace view, questions, verbal, conclusion, pace, important part, view, , spoken to people, pretty determined, taste of cat, thing, remain diligent, people, daily commitment, commitment and remain, Fine, Katamohi Jaiga, Yeah, February, Jaiga, Katamohi, put focus, time","approval,optimism,optimism",No Info,No Info,DI,No Info
6_20250104,Jan,0.5,"Prospect showed positive emotions (more than 2) during wrap-up/Q&A,Low stress or confusion during price discussion","Q&A,Wrap,Price discussion","Yeah, good, GMAT and yeah, GMAT, yeah, learn, started, idea, yeah, test, people to give, learning, mark, people, give, pay, package, Yeah, results, website then pay, pay or buy, Gmats, GMAT, back, Yeah, link, payments, send, Sir, Feb, Yeah, make, financially, Yeah","gratitude,gratitude",No Info,No Info,No Info,No Info
70_20250131,Jan,0.5,"Prospect showed positive emotions (more than 2) during wrap-up/Q&A,Agent maintained high confidence or relief near end","Q&A,Wrap","August or September, year, appearing, preparing of GMAC, Hindi, thinking, Hindi background, started thinking, yeah, year, years, June, July, August, June or July, Mac Focus Eddies, solve the problem, wanted to learn, basics understanding, Yeah, lot of sites, lot of things, maths, problem, thing, kind, , wanted internal process, internal process, wanted internal, official guide, official, GMAT official guide, select the mentor, process, Yeah","approval,approval,admiration,optimism",Hindi,b.tech,"NGP, Deloitte, GMAC, B.Tech","2018, 12th"
71_20250129,Jan,0.25,"Prospect showed positive emotion (hope or confidence or etc.) during wrap-up/Q&A,Agent maintained confidence or relief near end","Q&A,Wrap","write Gmap, weeks ago, decision very recently, recently to write, Gmap, PDF kind, week, weeks, March or April, Yeah, March, April, work, process, ISP, year, GMAT official guide, GMAT, yeah, GMAT GMAT official, GMAT official, GMAT GMAT, official guide, guide, Yeah, Data in text, Data, Data insights, text, type of questions, confused, questions, , thinking","gratitude,optimism",No Info,No Info,"ISP, PDF",No Info
72_20250129,Jan,0.62,"Prospect showed positive emotions (more than 2) during wrap-up/Q&A,Low stress or confusion during price discussion,Agent maintained confidence or relief near end","Q&A,Wrap,Price discussion","Yeah, Ayush Mann, Thoda Thoda, year, Ayush, cat, Thoda, offline, good score GMAT, GMAT, Yeah, score GMAT, friend gave, gave the cat, gave, good score, Yeah, journey, give, starting score, goal, aligns, score, preparation journey, Yeah, months, GMAT, understand, Prep, month program, friends, give the GMAG, yeah, alright, Yeah, start in general, planning to start, yeah, general, planning, start, week, patience","approval,gratitude,admiration",No Info,No Info,"CAT, GMAT",No Info
73_20250130,Jan,0.75,"Prospect showed positive emotions (more than 2) during wrap-up/Q&A,Low stress or confusion during price discussion,Agent maintained high confidence or relief near end","Q&A,Wrap,Price discussion","Mart or GRE, Yeah, Mart, GRE, English teacher, Kenyan, teacher, English, English provision, GRE, IELTS yeah, yeah, Mac or GRE, Mac, English, English proficiency, time, started watching, scored, started, watching, Yeah, India, English, born English, password, giving, instructions, correct, Yeah, months, clicked, feel, subscribe, April, exam in April, month, April, Yeah, break in May., free, bracket, permission from work, personal businesses, May., Yeah","gratitude,optimism,gratitude,admiration,optimism","Kenya, Thailand",No Info,"GRE, G Mart",1213 years ago
74_20250202,Feb,0.5,"Prospect showed positive emotions (more than 2) during wrap-up/Q&A,Agent maintained high confidence or relief near end","Q&A,Wrap","integration Yeah, yeah correct, correct, Yeah, month Yeah, Deloitte USA, month, ABC or ISP, cold mark, scored very bad, scored, give, Yeah, mark, honest, cold, , Yeah, call, voice call, video call, Give, option to schedule, schedule like voice, ending, Yeah, year, calendar year, attempts, slots, calendar, consulting, correct, bit nervous, nervous or stressed, Visa card, bit, nervous, stressed, Yeah, Visa, finding STEM, lottery system, visa that lottery, STEM, Yeah, correct, system, stories","approval,gratitude,optimism,optimism",No Info,No Info,"GMAT, ISP, Deloitte USA, Workx, ABC",5-6 months
75_20250202,Feb,0.0,No Info,No Info,"bit candid, chance to check, bit, candid, agenda, video, shared, chance, call, page book, equivalent, book, safe, page, free information, Mid of September, Start writing, smaller self achievement, months of Mar, purpose of MBA, baseline score, Start, achievement, writing, mentor, Yeah, Phase, solve, mentor support, Facebook Messenger, screen, suppose, default as skip, Yeah, Suppose, operations, skip, class, master, default, life class model, life class, class model, majority of tracking, conceptual level, fundamental level, depth understanding, life classes, ",No Info,No Info,No Info,No Info,No Info
76_20250202,Feb,0.5,"Prospect showed positive emotion (hope or confidence or etc.) during wrap-up/Q&A,Low stress or confusion during price discussion,Agent maintained confidence or relief near end","Q&A,Wrap,Price discussion","years back, basically Bangalore based, completed my Bcom, Bangalore based, basically Bangalore, back, Bangalore, years, Yeah, shortlisted, India, schools abroad, ISB, years, year, Europe, pretty tight, Princeton Review, hours, weekdays are pretty, weekdays, working, Yeah, problem, Yeah, good, Yeah, safer side, aware, side, risk, month, safer, yeah, week onwards, started, thinking, week, onwards, correct, received that correct, good, Yeah, Awesome, insightful","gratitude,admiration",No Info,bcom,Bcom,No Info
77_20250203,Feb,0.38,"Prospect showed positive emotions (more than 2) during wrap-up/Q&A,Agent maintained confidence or relief near end","Q&A,Wrap","beginning, finishing college, college, months, MBA program, English, start sort, sort, Duolingo English test, Duolingo English, English, Duolingo, GMAT, English test, English task, reading English, GRE, GMAT, works, GMAC focus, focus, focus specifically, lose my absolutely, GMAC, , taking the practice, Jmac club, Jmac club gave, grateful Sandeep, club gave, club, Jmac, taking, Yeah, Sandy","gratitude,optimism,gratitude,optimism",No Info,No Info,"MBA, Harvard",the middle of 2025
78_20250204,Feb,0.5,"Prospect showed positive emotions (more than 2) during wrap-up/Q&A,Agent maintained high confidence or relief near end","Q&A,Wrap","Yeah, Yeah, wanna, wanna yeah, move to Europe, Europe, TTP, score, scores, Yeah, weeks, difficult time, time, lot of time, finding, live session, difficult, Yeah, train, hours, cool, time, early, weekends, weekend, Yeah, day, meal push program, weekends, weekday, push program, meal push, program, Yeah, work, Thursday, weekend, early, day, tomorrow, event","approval,optimism,approval,gratitude,optimism,optimism",No Info,No Info,No Info,No Info
79_20250204,Feb,0.75,"Prospect showed positive emotions (more than 2) during wrap-up/Q&A,Low stress or confusion during price discussion,Agent maintained high confidence or relief near end","Q&A,Wrap,Price discussion","Yeah, audible, Yeah, fair, delivery, phone, Yeah yeah, Yeah, Yeah, months, love the Olympic, Olympic program, pretty, Olympic, cost, channel, Yeah, Indian base schools, targeting like Indian, Indian base, medium for ISB, Indian, ISB, planning, , Amrit for clearing, Yeah, Amrit, doubts, clearing","approval,gratitude,admiration,optimism",No Info,No Info,No Info,No Info
7_20250105,Jan,0.25,Prospect showed positive emotions (more than 2) during wrap-up/Q&A,"Q&A,Wrap","MBA, Vaibhav, NMS Mumbai, India, GMAT, preparing, Thomson Reuters, Introduction, Yeah, GMAT, questions, feel, approach, time, spend, hours, idea to attempt, Yeah, give, hard level question, good idea, hard question, question, wishes, Yeah, sleep late, late, sleep, timeline, prefer studying, studying at night, night after exam, personal difficulty, live session compared, ahead and revise, live session, ahead, ahead with revision, ahead and solve, live, yeah, live sessions, self-paced was good, self-paced, Live, areas, Cat, answering, correct, assign, mentor assigned, mentor, good, send an e-mail, Awesome, enroll","approval,realization",India,No Info,"CAT, Thomson Reuters, NMS Mumbai, GMAT",2019
80_20250204,Feb,0.75,"Prospect showed positive emotions (more than 2) during wrap-up/Q&A,Low stress or confusion during price discussion,Agent maintained high confidence or relief near end","Q&A,Wrap,Price discussion",", Yeah, Amrit, East GMAT, solving, bit, test, East, GMAT, Yeah, Yeah, mentor, touch, explain the chat, find, hard to Matlab, Matlab understand, Matlab, Yeah, Monday, Monday to Saturday, Saturday, Monday onwards, Theek Yeah, Saturday basis, Theek, Sundays I plan, work, hours, Sundays, yeah, plan, yeah yeah, Amrit","realization,gratitude,admiration,optimism",No Info,No Info,No Info,No Info
81_20250205,Feb,0.25,"Prospect showed positive emotion (hope or confidence or etc.) during wrap-up/Q&A,Agent maintained confidence or relief near end","Q&A,Wrap","Airlines in July, United Airlines, Hansraj College, prepare, give, good, joining in United, economics at Hansraj, India only colleges, examinations in May., semester examinations, colleges in India, India, May., attempted few questions, reading comprehension, Yeah, free practice questions, GMAT, offering free practice, practice questions, Ahmedabad would put, accept GMAT, offering free, percentile, preparation, stuck, student, inference, expert in inference, student is struggling, struggling in inference, , sort good sort, sort good, good sort, sort after place, sort, Yeah, written, place","gratitude,optimism",No Info,No Info,"United Airlines, Hansraj College",No Info
82_20250205,Feb,0.5,"Prospect showed positive emotions (more than 2) during wrap-up/Q&A,Low stress or confusion during price discussion","Q&A,Wrap,Price discussion","GMAC prep, YouTube videos, lot of options, Yeah, GMAC, prep, month, resources, yeah, March, good, complete, hours, good day, MAT, days, Yeah, Yeah, kind, thing, mock test, test and yeah, stand correctly, decision based, benchmark level, mentioned about CFA, mock, yeah, Yeah, time, hours, weekend, mock, test, requires, bit, Yeah, WhatsApp","approval,realization,gratitude",India,No Info,"GMAC, GMAT",No Info
83_20250205,Feb,0.25,"Prospect showed positive emotion (hope or confidence or etc.) during wrap-up/Q&A,Agent maintained confidence or relief near end","Q&A,Wrap","Lucknow Pradesh, Yeah, CAT, happened, Pradesh, CAT happened, CAT preparation, Lucknow, Yeah, give, correct, minute, Sunday, website, GMAC thing, Mac, Yeah, Give, minute, IMS, majorly for IMS, majorly, spend, hours, Yeah, strategy expert, day, verbal, verbal sections, critical reading skills, Yeah, middle, , Saturday, Alright, connect","gratitude,optimism",No Info,No Info,"CAT, Lucknow Pradesh",the 8th of December
84_20250206,Feb,0.12,Agent maintained confidence or relief near end,No Info,"India only times, times or ISB, programs in India, Final goal, goal I targeting, targeting for executive, executive programs, school programs, range compared, e-mail, percentile, bit, Scroll, range, compared, yeah, finish the Yeah, April, questions, finish, plan, Yeah, quant, study plan, hit the target, critical reasoning, master comprehension, called master comprehension, module called master, module, reasoning, live, , immediately question, questions to estimate, estimate, question, immediately, questions, question after question",optimism,India,No Info,No Info,No Info
85_20250206,Feb,0.5,"Prospect showed positive emotions (more than 2) during wrap-up/Q&A,Low stress or confusion during price discussion","Q&A,Wrap,Price discussion","Yeah, nice, Mumbai, great, thinking, Yeah, job perspective, thinking to pursue, job, GMAT, MBA, maths, ISV ISV Hyderabad, Yeah, ISV Hyderabad, ISV ISV, dole, ISV, GMAT online classes, understand, fine, dollar rate, Unku reach, Yeah, reach, dollar, rate, Unku, Yeah, fine, prepared, e-mail, California unkarame Shreyas, job, laptop, Yeah, California unkarame, unkarame Shreyas, Free, good, chat bot option, mail ID space, space TJ page, chat bot, bot option, cleared my California, thinking, mail","gratitude,gratitude",Mumbai,No Info,No Info,No Info
86_20250207,Feb,0.25,"Prospect showed positive emotion (hope or confidence or etc.) during wrap-up/Q&A,Agent maintained confidence or relief near end","Q&A,Wrap","GMAT plans, days ago, onboarding call, April, GMAT, online programs, end of April, days, double checked, yeah, true, Gmail, double, checked, hours every day, day, Yeah, give, entire month, month got wiped, putting five hours, hours additional, additional per week, week and entire, wiped, Entire one month, China and Chinese, university in China, Chinese just love, love exams, GMAP, China, Chinese, yeah, Yeah, cool, correct, Awesome, Hyderabad, good, worried, months, cool, Yeah, Nice, Awesome","gratitude,optimism",Reddit,No Info,"AG, GMAT","the end of April or 22nd of April, a few about 5 days ago"
87_20250207,Feb,0.5,"Prospect showed positive emotions (more than 2) during wrap-up/Q&A,Low stress or confusion during price discussion","Q&A,Wrap,Price discussion","good, Awesome, questions, kind of questions, kind, starting of Feb, checking what kind, understand what kind, London Business School, ISB and SPJ, London Business, Business School, picked ISB, target colleges, ISB, SPJ, Yeah, entire, offer, platforms, level, personalization, tomorrow, mentioned, Yeah, September, till September, wanted, date, program, lost, concern, common admission test, test last year, attempted another exam, common admission, admission test, Yeah, year, reason, questions and quant, lot of questions, mentioned, quant, lot, questions, Yeah, end, yeah","approval,approval,gratitude",No Info,No Info,No Info,45 days
88_20250207,Feb,0.5,"Prospect showed positive emotion (hope or confidence or etc.) during wrap-up/Q&A,Low stress or confusion during price discussion,Agent maintained confidence or relief near end","Q&A,Wrap,Price discussion","yeah, good, good enough good, hours, free, planning, put, weekly, yesterdays mock, actual exam, data insights quads, verbal and data, data insights, Yeah, verbal, insights quads, Yeah, months, July then August, time, end of July, planning, prep, current score, GMAT Club, GMAT, months GMAT, pricing yeah yeah, yeah, months, pricing yeah, mock test thing, Yeah, lot, enroll, program, pushed, Yeah, give, Yeah, nice","gratitude,optimism",CR,No Info,No Info,No Info
89_20250208,Feb,0.38,"Prospect showed positive emotions (more than 2) during wrap-up/Q&A,Agent maintained confidence or relief near end","Q&A,Wrap","Yeah, give, searched for Iims, Yeah, ISB, Iims, year program, program, searched, year, Yeah, audible, problem, ohh, yeah, April, June, early June, planning for June, years, academics, wanted, test, July and August, month, Yeah, August, July, Theek hai, planning, Theek, Yeah","approval,gratitude,optimism",No Info,No Info,No Info,No Info
8_20250105,Jan,0.5,"Prospect showed positive emotions (more than 2) during wrap-up/Q&A,Low stress or confusion during price discussion","Q&A,Wrap,Price discussion","Yeah, GMAT, good, MVA from India, choosing GMAT, GMAT club, MBA firstly, firstly, Yeah, work experience, GMAT Focus edition, GMAT Focus, pretty, years, work, experience, Yeah, started, giving, ma.com, basic, preparation, formulas, works, critical reasoning part, verbal part, reasoning part, Yeah, critical reasoning, part, verbal, attempted, pretty clear, pretty, work, free trial, GMAT, clear, dashboard, curriculum, Yeah, Ohh, Yeah, fee structure, understand, fee, structure, plan","approval,approval,gratitude",India,No Info,"CAT, MVA, GMAT",No Info
90_20250208,Feb,0.75,"Prospect showed positive emotions (more than 2) during wrap-up/Q&A,Low stress or confusion during price discussion,Agent maintained high confidence or relief near end","Q&A,Wrap,Price discussion","live trial session, couple of Gmap, Gmap that classes, yeah, started, live trial, trial session, full slot preparation, hours, reading comprehension, reading comprehension side, side, reading, comprehension, comprehension side, DILR part, fine, percent, score, yeah, Yeah, Indian, question, guess, helpful, Yeah","approval,gratitude,optimism,admiration,optimism",No Info,No Info,No Info,No Info
91_20250208,Feb,0.5,"Prospect showed positive emotions (more than 2) during wrap-up/Q&A,Agent maintained high confidence or relief near end","Q&A,Wrap","road map, working great, started, week, weekends, map, road, find times, June, lot of meetups, meetups I work, Yeah, goal, lot, meetups, work, initial mock test, entire study plan, real GMAT, student account, account who started, initial mock, mock test, test and studied, , Yeah","approval,approval,admiration,optimism,optimism",No Info,No Info,No Info,No Info
92_20250208,Feb,0.5,"Prospect showed positive emotions (more than 2) during wrap-up/Q&A,Agent maintained high confidence or relief near end","Q&A,Wrap","Yeah, computer, give, Yeah, university, Amsterdam, GMAT, Awesome, joined, honest, bachelor, yeah, started, Generally, calculus, started university, good, university, statistics, Yeah, GMAT Yeah, February and March, lot, lot of exams, prep Stanislaw, clicked, exams in February, yeah, test, certificate, points, officially, Yeah, break, motivated, Yeah","approval,optimism,approval,optimism,optimism",No Info,No Info,No Info,No Info
93_20250210,Feb,0.38,"Prospect showed positive emotions (more than 2) during wrap-up/Q&A,Agent maintained confidence or relief near end","Q&A,Wrap","Yeah, prefer cell study, sort, sort of yeah, material sort, cell study, prefer cell, proper plan, Teams chat, Yeah, chat I shared, Teams, shared, chat, part, good, Yeah, month, month kind, kind, things, live, , job, GMAT, valid, yeah, fresh job, thing valid, wondering, cat, Yeah","approval,gratitude,admiration",No Info,No Info,No Info,No Info
94_20250210,Feb,0.12,Agent maintained confidence or relief near end,No Info,"Yeah, question, questions, initially, option, revisited, made, mistake, YouTube videos, verbal, details, YouTube, videos, Yeah, majorly penalized, questions, time, neutral, opposed, hours, questions, month, kind, month time, type insights, change Danya, thing, insights, type, Danya, planner, distance, median score, journey view, median, view, score, journey, stay, points, data sufficiency stage, TPA Stage, MSR stage, Gita Stage, stage, sufficiency stage, test readiness, sectional box, awake, Bye, long",admiration,No Info,No Info,No Info,No Info
95_20250211,Feb,0.25,Prospect showed positive emotions (more than 2) during wrap-up/Q&A,"Q&A,Wrap","working in corporate, corporate since past, graduated from ITBHU, working in product, past, years, working, MBA, Yeah, prepared for GMAT, GMAT, anymore, sit, questions, sit anymore, span anymore, quant part, Yeah, practice, part, quant, sections of information, problem, faced, Yeah, grade, questions, gonna, learning the concepts, headphones, lessons, score, , Yeah, part, spoken, Yeah","approval,approval",No Info,engineering,GMAT,"past 3 1/2 years, next 5-10 years, 6-7 months"
96_20250211,Feb,0.25,"Prospect showed positive emotion (hope or confidence or etc.) during wrap-up/Q&A,Agent maintained confidence or relief near end","Q&A,Wrap",", section selection, giving your test, sections are adaptive, order you giving, called master comprehension, adaptive, order, section, work experience required, work experience, experience required, role, work, experience, required, stage, called Journey View, Journey View, called Journey, Journey, View, quizzes, Yeah, called, Saturdays, workshops, fourth week, repeat the content, week, process, point in time, apply the process, fair, work, GMAT, kind of questions, identify your strengths, strengths and weaknesses, scary, GMAT related, share","approval,optimism",No Info,No Info,No Info,No Info
97_20250212,Feb,0.75,"Prospect showed positive emotions (more than 2) during wrap-up/Q&A,Low stress or confusion during price discussion,Agent maintained high confidence or relief near end","Q&A,Wrap,Price discussion","CAT and Zat, preparing for CAT, point of time, small break, Rabu, May., CAT, Zat, general practice problem, Yeah, problem today, practice problem, problem, general practice, video, ICSE, Critical reasoning, section in CAT, correct, Critical, reasoning, CAT, entire comprehension, entire thing, nice, correct, connect, video chat, mentor, figure, correct Mail system, correct Mail, Yeah, INR change, INR, perfect, additional discount, wanted, change, additional, GMAP trip, yeah, amount of time, hours a day, dedicate some amount, GMAP, showed, guide, Vaibhav, Yeah, time, text, taking, drop","approval,gratitude,gratitude,optimism,admiration",No Info,"science, bachelor, computer science","XLRI, CAT, CAD, GMAT","5 months, 2024 May"
98_20250212,Feb,0.38,"Prospect showed positive emotion (hope or confidence or etc.) during wrap-up/Q&A,Agent maintained high confidence or relief near end","Q&A,Wrap","good resume, year work experience, resume, yeah, university, work experience, good, goal, deadline May., prepare for GMAT, May., couple of books, wanted to prepare, score, aiming, deadline, videos on YouTube, watch some videos, practice, Friday, Monday to Thursday, YouTube, Monday, watch, Yeah, math, math problems, CFA level, problems, CFA, weekend, started, , grade, grade a grade, critical reasoning, Yeah, reasoning, telling, critical, Sandeep Ahmed, Ahmed, Sandeep","gratitude,admiration,optimism",No Info,No Info,No Info,No Info
99_20250211,Feb,0.5,"Prospect showed positive emotion (hope or confidence or etc.) during wrap-up/Q&A,Low stress or confusion during price discussion,Agent maintained confidence or relief near end","Q&A,Wrap,Price discussion","Yeah, working, score, bad, camera, ojis, Yeah, VBA program, fine, English, VBA, Australia preferably, English coming, Australia, correct, Yeah, recommended, Atavia recommended, friend Atavia, Atavia, GMAT, gave the GMAT, Yeah, Sets, sets sets, machine, correct, gonna, happen, found, important, mentorship, , Yeah","gratitude,admiration",No Info,No Info,No Info,No Info
9_20250106,Jan,0.5,"Prospect showed positive emotions (more than 2) during wrap-up/Q&A,Low stress or confusion during price discussion","Q&A,Wrap,Price discussion","educational background, NMMS Mumbai, MBA, year, background, give GMAT, GMAT this year, terms, Yeah, found EG Mad, Mad, road map, start, talking and scrolling, scrolling among websites, hours on weekdays, Yeah, quals is fine, fine, quals, remember sentence correction, Yeah, sentence correction, remember sentence, sentence, correction, remember, cool, forward, start, correct, Yeah, structure, Yeah, questions, answers, nice, Yeah","approval,gratitude",Mumbai,No Info,GMAT,No Info
